{
  "documents": {
    "name": "documents",
    "type": "folder",
    "nodeType": "folder",
    "children": {
      "acme_corp_services.docx": {
        "name": "acme_corp_services.docx",
        "type": "docx",
        "nodeType": "file",
        "url": "https://docs.google.com/document/d/1WoKpJwnl9GFKgj_mYfzGc1R72aoN1K_vitHhMU_G_vI/edit?usp=drivesdk",
        "preview_url": "https://main--bnm23--team-argo.aem.page/acme-corp-services",
        "publish_url": "https://main--bnm23--team-argo.aem.live/acme-corp-services"
      },
      "global": {
        "name": "global",
        "type": "folder",
        "nodeType": "folder",
        "children": [
          {
            "name": "links_inline.docx",
            "type": "docx",
            "nodeType": "file",
            "url": "https://docs.google.com/document/d/1zdrBToZ9JVzx7tl94ltgo1u4TTD341l99_vqIB0nto0/edit?usp=drivesdk",
            "preview_url": "https://main--bnm23--team-argo.aem.live/bnm23/links_inline"
          },
          {
            "name": "text.html",
            "type": "html",
            "nodeType": "file",
            "url": "https://drive.google.com/file/d/12Rq9f9WrwG7OhRXWNiAdfbo7WpqlAr_0/view?usp=drivesdk",
            "preview_url": "https://main--bnm23--team-argo.aem.live/bnm23/text"
          },
          {
            "name": "icon.html",
            "type": "html",
            "nodeType": "file",
            "url": "https://drive.google.com/file/d/1-HNpDKa3VaJxr1t_THLUZO0IajCEcL2N/view?usp=drivesdk",
            "preview_url": "https://main--bnm23--team-argo.aem.live/bnm23/icon"
          },
          {
            "name": "links_inline.html",
            "type": "html",
            "nodeType": "file",
            "url": "https://drive.google.com/file/d/1JtEBIL4474ryftS-3P8YfaFi-qGUkWUI/view?usp=drivesdk",
            "preview_url": "https://main--bnm23--team-argo.aem.live/bnm23/links_inline"
          },
          {
            "name": "text.docx",
            "type": "docx",
            "nodeType": "file",
            "url": "https://docs.google.com/document/d/1W-D70skjcXrMTF9oayNMuBmNWaAR_r-NwIJ2ORFuh90/edit?usp=drivesdk",
            "preview_url": "https://main--bnm23--team-argo.aem.live/bnm23/text"
          },
          {
            "name": "icon.docx",
            "type": "docx",
            "nodeType": "file",
            "url": "https://docs.google.com/document/d/1mGwphglmtNrK2qbJy9w-6rDRLUuZgZ11uy96sPUDkzI/edit?usp=drivesdk",
            "preview_url": "https://main--bnm23--team-argo.aem.live/bnm23/icon"
          }
        ]
      }
    }
  }
}