{
  "scripts": {
    "dev:audit": "npm run lint && npm run test:coverage && npm run build",
    "lint": "eslint src --ext .js,.jsx --fix",
    "lint:check": "eslint src --ext .js,.jsx",
    "test:coverage": "npm test -- --coverage --watchAll=false",
    "test:watch": "npm test -- --watch",
    "test:ci": "npm test -- --coverage --watchAll=false --ci",
    "format": "prettier --write \"src/**/*.{js,jsx,json,css,md}\"",
    "format:check": "prettier --check \"src/**/*.{js,jsx,json,css,md}\"",
    "analyze": "npm run build && npx bundlesize",
    "pre-commit": "npm run format && npm run lint:check && npm run test:ci"
  },
  "bundlesize": [
    {
      "path": "./build/static/js/*.js",
      "maxSize": "500kb"
    },
    {
      "path": "./build/static/css/*.css",
      "maxSize": "50kb"
    }
  ],
  "jest": {
    "testEnvironment": "jsdom",
    "setupFilesAfterEnv": ["<rootDir>/src/setupTests.js"],
    "collectCoverageFrom": [
      "src/**/*.{js,jsx}",
      "!src/index.js",
      "!src/reportWebVitals.js",
      "!src/**/*.test.js",
      "!src/**/*.stories.js"
    ],
    "coverageThreshold": {
      "global": {
        "branches": 70,
        "functions": 70,
        "lines": 70,
        "statements": 70
      }
    }
  }
}
